claim_id,planned_manuscript_section,claim,evidence_ids,evidence_boundary,status
SX-C1,Motivation and significance,"Long-running security agents need replayable candidate, evidence, verifier, failed-path, and finalization state outside prompt-local memory","SW-RUNTIME-CASE; SW-CHECKPOINT; RQ1-FIXTURE","Engineering need and selected workload evidence; not a universal necessity claim",SUPPORTED_BOUNDED
SX-C2,Software description,"BGVD-State deterministically maintains candidate lifecycle, invalidation, failed paths, verifier state, gate-enforced finalization, persistence, replay, and handoff packets","SW-TEST; SW-GATE-BYPASS; SW-EXAMPLES; SW-DETERMINISM; SW-CHECKPOINT; SW-BUILD","Software-behavior claim; does not assert end-to-end vulnerability discovery",SUPPORTED
SX-C3,Operational use case,"A policy-screened local review of fixed TypeScript, Django, and ECC revisions was replayed into six candidate lifecycles and five failed paths; the released 23-event sanitized case applies the subsequent scope decision and blocks finalization","SW-AUTHORIZED-USE; SW-RUNTIME-CASE","Repository identities and commits are disclosed; the candidate-specific stream is withheld and content-addressed, and the released case preserves lifecycle structure without claiming external adoption or a confirmed vulnerability",SUPPORTED_BOUNDED
SX-C4,Software validation,"Replay is deterministic across 100 repetitions, checkpoint resume is equivalent, malformed or duplicate input is rejected, and v1.0.0 state remains loadable","SW-DETERMINISM; SW-CHECKPOINT; SW-INVALID; SW-V1-COMPAT","Validated in the released Python runtime profile",SUPPORTED
SX-C5,Software validation,"The v1.1.1 Windows profile processes 100000 events in a median 1.3374754 s replay with the candidate set fixed at six","SW-PERF-100K","Environment-specific fixed-six-candidate profile; no speed-advantage, distributed, concurrent-writer, or candidate-count scaling claim",SUPPORTED_BOUNDED
SX-C6,Impact,"Schema-guided model-maintained memory favors matched free-form on selected high-pressure continuation fixtures; the protocol-valid post-audit sensitivity is 6 wins 0 losses 23 ties over 29 fixtures","RQ1-FIXTURE; RQ1-PROVIDER","Design evidence for a state contract; not a causal ablation of the Python middleware; historical 30-fixture statistics retain one protocol failure",SUPPORTED_BOUNDED
SX-C7,Limitations,"Typed protocol and curated prose tie across 60 paired runs; reduced-pressure 16-pair comparisons tie raw and lexical and give 1 win over matched free-form","BOUNDARY-SURFACE; BOUNDARY-LOW","No universal advantage or formal equivalence established",SUPPORTED_BOUNDED
SX-C8,Impact and limitations,"Cross-family source-audit criteria met by schema and matched in 10/24 and 12/24 runs; extended schema and reused matched control both 12/24","R1-CROSS-FAMILY","Task-specific source-audit acceptance not continuation correctness; retries and raw-text fallback preserved; new public release pending",LOCAL_RECONSTRUCTION
SX-C9,Impact,"Recorded strong-token proxy is 24391 for local/weak curation and 146855 for strong curation over 30 runs per route","R1-TOKEN-ACCOUNTING","14 failed updates have unknown usage across 8 runs; proxy is not complete billing cost or deployment savings",LOCAL_RECONSTRUCTION
